,online_booking,mobile_site_booking,Car_Cancellation,from_date,booking_month,weekend,festivals,hourOfDay,intercity_distance,cancel_zone
6,0,0,0,1,1,0,0,2,93.0,1
17,1,0,0,1,1,1,0,1,17.0,0
24,0,0,0,1,1,1,0,1,17.0,0
158,1,0,0,1,3,0,0,2,151.0,0
216,1,0,0,1,4,1,0,1,17.0,0
233,0,0,0,1,4,1,0,1,17.0,0
234,1,0,0,1,4,1,0,1,31.0,0
243,0,0,0,1,4,0,0,1,14.0,0
328,0,0,0,1,5,1,0,5,17.0,1
332,0,0,0,1,5,1,0,1,17.0,1
374,0,0,0,1,5,1,0,1,145.0,0
422,1,0,0,1,6,1,0,1,31.0,0
485,0,0,0,1,7,0,0,1,14.0,1
610,1,0,0,1,8,0,0,1,49.0,0
668,1,0,0,1,9,1,0,1,17.0,0
669,1,0,0,1,9,1,0,1,46.0,1
704,0,0,0,1,10,0,0,3,131.0,1
717,1,0,0,2,10,0,0,6,2.0,0
738,1,0,0,1,10,1,0,6,178.0,0
779,0,0,0,1,10,1,0,1,116.0,0
837,0,0,0,1,11,1,0,2,131.0,0
869,1,0,0,1,11,0,0,2,54.0,1
871,1,0,0,1,11,1,0,6,16.0,0
905,0,0,0,1,12,1,0,2,14.0,0
917,0,0,0,1,12,1,0,3,14.0,0
926,0,0,0,1,12,0,0,2,40.0,1
949,0,0,0,1,12,1,0,1,9.0,0
975,0,0,0,1,12,0,0,1,93.0,0
977,0,0,0,1,12,1,0,1,17.0,0
985,0,0,0,1,12,1,0,1,17.0,0
999,0,0,0,1,12,1,0,1,17.0,0
1002,0,0,0,1,12,1,0,2,17.0,1
1008,0,0,0,1,12,1,0,1,17.0,0
1010,0,0,0,1,13,1,0,2,17.0,0
1011,0,0,0,1,13,1,0,1,131.0,0
1016,1,0,0,1,13,1,0,2,54.0,0
1017,0,0,0,1,13,1,0,1,93.0,0
1029,0,0,0,1,13,1,0,2,17.0,0
1040,0,0,0,1,13,0,0,2,174.0,0
1049,1,0,0,1,13,0,0,1,132.0,0
1051,0,0,0,1,13,0,0,1,17.0,0
1058,0,0,0,1,13,0,0,1,172.0,0
1079,1,0,0,1,13,0,0,1,132.0,0
1154,0,0,0,1,14,0,0,4,17.0,0
1171,0,0,0,1,14,0,0,6,17.0,0
1303,0,0,0,1,16,0,0,1,17.0,1
1314,1,0,0,1,16,0,0,1,17.0,0
1333,0,0,0,1,16,0,0,1,50.0,0
1391,1,0,0,1,17,0,0,5,31.0,1
1407,0,0,0,1,17,1,0,1,163.0,1
1418,0,0,0,1,17,1,0,6,131.0,0
1421,0,0,0,1,17,0,0,2,34.0,1
1425,0,0,0,1,17,0,0,4,9.0,0
1442,1,0,0,1,17,0,0,1,184.0,0
1520,0,0,0,1,18,1,0,1,17.0,0
1529,0,0,0,1,18,1,0,1,17.0,0
1537,1,0,0,1,18,1,0,1,17.0,0
1539,0,0,0,1,18,1,0,6,116.0,0
1633,0,0,0,1,19,1,0,1,17.0,0
1645,1,0,0,1,19,1,0,1,54.0,0
1686,1,0,0,1,19,1,0,1,17.0,0
1744,1,0,0,1,20,0,0,1,145.0,1
1836,0,0,0,1,21,0,0,6,49.0,0
1853,0,0,0,1,21,0,0,6,49.0,0
1989,1,0,0,1,22,0,0,2,131.0,0
2029,0,0,0,1,23,0,0,2,146.0,0
2033,0,0,0,2,23,0,0,6,131.0,0
2149,0,0,0,1,24,0,0,2,17.0,0
2158,1,0,0,1,24,0,0,1,131.0,0
2180,1,0,0,1,24,0,0,6,125.0,0
2187,0,0,0,1,24,0,0,1,17.0,0
2193,0,0,0,1,24,1,0,6,14.0,0
2243,1,0,0,1,25,1,0,1,17.0,0
2270,0,0,0,1,25,1,0,1,41.0,0
2292,0,0,0,1,25,1,0,1,14.0,0
2304,0,0,0,1,25,0,0,5,131.0,0
2346,0,0,0,1,26,1,0,2,26.0,0
2397,1,0,0,1,26,1,0,1,17.0,1
2413,1,0,0,1,26,1,0,1,93.0,1
2440,0,0,0,1,26,1,0,1,170.0,1
2463,0,0,0,1,27,1,0,2,9.0,1
2505,1,0,0,1,27,0,0,1,54.0,1
2543,1,0,0,1,27,0,0,2,67.0,0
2644,1,0,0,2,28,1,0,1,131.0,0
2658,1,0,0,1,28,0,0,1,17.0,1
2725,0,0,0,1,29,0,0,1,43.0,0
2808,0,0,0,1,30,0,0,1,34.0,1
2835,0,0,0,1,30,0,0,2,34.0,1
2839,1,0,0,1,30,0,0,1,130.0,1
2886,1,0,0,2,31,1,0,6,40.0,0
2924,0,0,0,2,31,1,0,1,40.0,0
2925,1,0,0,2,31,1,0,6,40.0,0
2958,0,0,0,2,1,0,0,2,26.0,1
2989,1,0,0,2,1,1,0,6,21.0,0
2993,0,0,0,2,1,0,0,2,17.0,1
3058,1,0,0,2,1,1,0,1,120.0,1
3090,0,0,0,2,2,1,0,1,40.0,1
3165,0,0,0,2,2,1,0,1,17.0,0
3209,0,0,0,2,3,1,0,3,129.0,0
3343,0,0,0,2,4,1,0,1,14.0,0
3462,0,0,0,2,6,0,0,1,17.0,0
3504,0,0,0,2,6,0,0,1,17.0,0
3550,1,0,0,2,6,1,0,1,17.0,0
3731,0,0,0,2,8,1,0,1,17.0,0
3763,1,0,0,2,8,1,0,1,40.0,0
3827,0,0,0,2,9,1,0,1,116.0,0
3918,0,0,0,2,10,1,0,2,17.0,1
3942,1,0,0,2,10,0,0,2,148.0,1
3945,1,0,0,2,10,1,0,3,40.0,1
3952,0,0,0,2,10,0,0,1,136.0,0
4095,1,0,0,2,12,0,0,3,17.0,1
4108,1,0,0,2,12,1,0,6,17.0,1
4318,0,0,0,2,14,0,0,2,17.0,0
4354,0,0,0,2,14,0,0,1,10.0,0
4398,1,0,0,2,15,0,0,1,40.0,0
4413,0,0,0,2,15,1,0,1,17.0,0
4477,1,0,0,2,15,1,0,1,17.0,0
4500,0,0,0,2,16,1,0,1,132.0,1
4507,0,0,0,2,16,1,0,2,41.0,0
4527,0,0,0,2,16,0,0,2,131.0,0
4533,0,0,0,3,16,1,0,2,17.0,1
4580,1,0,0,2,16,1,0,1,17.0,1
4674,0,0,0,2,17,1,0,4,176.0,0
4739,1,0,0,2,18,0,0,2,3.0,1
4740,0,0,0,2,18,0,0,1,131.0,1
4747,0,0,0,2,18,0,0,1,17.0,0
4749,1,0,0,2,18,0,0,6,129.0,1
4798,1,0,0,2,18,0,0,5,131.0,0
4860,0,0,0,2,19,0,0,6,17.0,1
4892,1,0,0,2,19,0,0,1,17.0,0
4903,1,0,0,2,19,0,0,1,17.0,0
4911,1,0,0,2,19,0,0,1,26.0,1
4912,1,0,0,2,19,1,0,1,17.0,1
5033,1,0,0,2,21,1,0,1,31.0,0
5070,1,0,0,2,21,1,0,3,17.0,0
5141,0,0,0,2,22,1,0,6,14.0,0
5144,1,0,0,2,22,0,0,3,147.0,1
5189,1,0,0,2,22,1,0,1,17.0,0
5193,0,0,0,2,22,1,0,1,99.0,1
5200,0,0,0,2,22,0,0,5,188.0,0
5205,0,0,0,2,22,1,0,1,131.0,1
5216,0,0,0,2,22,1,0,1,99.0,1
5233,0,0,0,2,23,1,0,2,40.0,0
5234,0,0,0,2,23,1,0,2,40.0,0
5236,0,0,0,2,23,1,0,2,131.0,1
5279,1,0,0,2,23,1,0,1,17.0,0
5285,0,0,0,2,23,1,0,4,40.0,0
5318,1,0,0,2,23,1,0,1,34.0,1
5331,0,0,0,2,23,1,0,1,17.0,1
5370,1,0,0,2,24,0,0,1,17.0,0
5375,1,0,0,3,24,1,0,1,28.0,0
5408,0,0,0,2,24,0,0,3,17.0,1
5501,1,0,0,2,25,0,0,2,111.0,0
5523,0,0,0,2,25,0,0,3,9.0,0
5576,0,0,0,2,26,0,0,1,40.0,0
5603,1,0,0,2,26,0,0,2,17.0,1
5627,0,0,0,2,27,0,0,2,26.0,0
5661,0,0,0,3,27,0,0,1,14.0,0
5671,0,0,0,3,27,1,0,1,17.0,0
5703,1,0,0,2,27,0,0,1,131.0,0
5706,0,0,0,2,27,0,0,1,9.0,0
5716,1,0,0,3,27,1,0,1,43.0,0
5747,1,0,0,3,28,1,0,1,12.0,0
5779,1,0,0,3,28,0,0,3,29.0,0
5809,0,0,0,3,28,1,0,1,131.0,0
5835,1,0,0,3,1,1,0,1,40.0,0
5845,0,0,0,3,1,0,0,3,40.0,1
5940,1,0,0,3,2,1,0,1,31.0,0
5943,0,0,0,3,2,1,0,1,17.0,0
5952,0,0,0,3,2,1,0,2,142.0,0
5970,0,0,0,3,2,0,0,1,17.0,1
5978,0,0,0,3,2,1,0,2,131.0,0
6001,0,0,0,3,2,1,0,1,17.0,0
6003,1,0,0,3,2,1,0,2,17.0,0
6006,0,0,0,3,2,1,0,1,145.0,1
6010,0,0,0,3,2,1,0,2,17.0,0
6034,0,0,0,3,3,1,0,4,41.0,0
6068,1,0,0,3,3,0,0,1,17.0,0
6146,0,0,0,3,4,1,0,3,17.0,1
6161,0,0,0,3,4,0,0,1,17.0,0
6176,0,0,0,3,4,1,0,6,17.0,1
6208,0,0,0,3,5,0,0,2,34.0,0
6209,0,0,0,3,5,0,0,2,34.0,0
6269,0,0,0,3,6,0,0,1,17.0,1
6292,0,0,0,3,6,0,0,1,40.0,0
6368,0,0,0,3,7,0,0,1,26.0,0
6392,0,0,0,3,7,0,0,1,132.0,0
6405,0,0,0,3,7,1,0,1,29.0,0
6418,0,0,0,3,8,0,0,1,93.0,0
6438,0,0,0,3,8,1,0,1,17.0,1
6446,1,0,0,3,8,1,0,1,17.0,1
6477,1,0,0,4,8,0,0,1,28.0,0
6494,0,0,0,3,8,1,0,1,17.0,0
6542,0,0,0,3,9,1,0,1,22.0,0
6583,1,0,0,3,9,1,0,4,17.0,1
6584,1,0,0,3,9,0,0,1,17.0,1
6646,0,0,0,3,10,1,0,2,100.0,0
6660,0,0,0,3,10,0,0,1,29.0,0
6672,0,0,0,3,10,0,0,1,36.0,0
6748,1,0,0,3,11,1,0,6,143.0,0
6753,0,0,0,3,11,0,0,4,29.0,1
6762,1,0,0,3,11,0,0,4,43.0,1
6763,1,0,0,3,11,0,0,4,43.0,1
6797,1,0,0,3,11,0,0,2,131.0,0
6868,1,0,0,3,12,1,0,6,40.0,1
6908,1,0,0,3,13,0,0,1,14.0,1
6972,1,0,0,3,13,0,0,1,151.0,1
7012,0,0,0,3,14,0,0,4,17.0,1
7064,0,0,0,3,15,0,0,1,17.0,1
7130,0,0,0,3,15,1,0,2,145.0,0
7157,0,0,0,3,16,1,0,3,188.0,0
7185,0,0,0,3,16,0,0,1,34.0,0
7202,0,0,0,3,16,1,0,1,17.0,0
7203,1,0,0,3,16,1,0,2,17.0,0
7241,0,0,0,3,17,1,0,3,176.0,0
7292,0,0,0,3,18,0,0,2,34.0,1
7302,0,0,0,3,18,0,0,2,175.0,0
7337,0,0,0,3,18,0,0,1,26.0,0
7444,1,0,0,3,20,0,0,1,17.0,1
7480,0,0,0,3,20,1,0,1,17.0,0
7494,1,0,0,3,21,1,0,1,31.0,1
7627,1,0,0,3,22,1,0,1,17.0,1
7658,0,0,0,3,23,1,0,2,17.0,0
7665,0,0,0,3,23,1,0,1,14.0,0
7709,0,0,0,3,23,0,0,1,116.0,0
7748,1,0,0,3,23,1,0,1,76.0,0
7796,0,0,0,3,24,1,0,3,94.0,1
7827,0,0,0,3,24,0,0,1,40.0,0
7902,0,0,0,3,25,0,0,3,53.0,0
7908,0,0,0,3,25,0,0,1,22.0,1
7919,0,0,0,3,25,0,0,1,14.0,0
7953,0,0,0,3,25,0,0,1,17.0,1
7973,0,0,0,3,26,0,0,1,14.0,0
7981,0,0,0,3,26,0,0,2,30.0,0
8011,0,0,0,3,26,0,0,1,40.0,0
8072,0,0,0,3,27,0,0,1,17.0,0
8075,1,0,0,3,27,0,0,1,17.0,0
8082,0,0,0,3,27,1,0,1,17.0,0
8094,0,0,0,3,27,0,0,1,40.0,0
8100,0,0,0,3,27,0,0,1,14.0,0
8106,0,0,0,3,27,0,0,1,40.0,0
8126,0,0,0,3,27,0,0,1,43.0,1
8145,0,0,0,3,28,0,0,1,1.0,0
8160,0,0,0,3,28,0,0,4,94.0,1
8185,1,0,0,3,28,0,0,1,40.0,1
8186,0,0,0,3,28,1,0,1,11.0,0
8196,0,0,0,3,28,0,0,1,101.0,1
8202,0,0,0,3,28,1,0,2,26.0,0
8203,0,0,0,3,28,0,0,2,5.0,0
8206,0,0,0,3,28,0,0,1,43.0,1
8218,1,0,0,3,28,0,0,2,31.0,0
8221,1,0,0,3,28,0,0,1,139.0,0
8244,1,0,0,3,29,0,0,1,145.0,0
8246,0,0,0,3,29,0,0,2,183.0,0
8275,0,0,0,3,29,1,0,1,40.0,0
8281,0,0,0,3,29,1,0,1,51.0,0
8305,0,0,0,3,29,1,0,6,152.0,1
8321,0,0,0,3,29,1,0,1,9.0,1
8332,1,0,0,3,29,1,0,6,17.0,1
8335,1,0,0,3,29,1,0,1,17.0,0
8348,0,0,0,3,29,1,0,2,17.0,0
8350,1,0,0,4,29,0,0,1,132.0,0
8352,0,0,0,3,29,1,0,1,17.0,0
8354,0,0,0,3,30,1,0,1,41.0,0
8386,0,0,0,3,30,1,0,1,95.0,0
8403,0,0,0,4,30,0,0,1,17.0,0
8477,0,0,0,3,30,1,0,1,137.0,0
8480,0,0,0,3,30,1,0,1,17.0,1
8489,0,0,0,3,31,1,0,6,29.0,0
8518,0,0,0,4,31,0,0,1,17.0,1
8553,1,0,0,4,31,0,0,1,31.0,0
8571,1,0,0,4,31,1,0,1,131.0,1
8574,0,0,0,4,31,1,0,1,131.0,0
8593,0,0,0,4,31,0,0,1,17.0,0
8666,0,0,0,4,1,0,0,3,94.0,0
8676,0,0,0,4,1,1,0,1,40.0,0
8683,0,0,0,4,1,0,0,4,17.0,1
8712,1,0,0,4,1,0,0,1,188.0,1
8764,0,0,0,4,2,0,0,4,98.0,0
8780,0,0,0,4,2,0,0,1,174.0,1
8816,0,0,0,4,3,0,0,1,49.0,1
8825,0,0,0,4,3,0,0,1,34.0,1
8840,1,0,0,4,3,0,0,1,31.0,1
8861,0,0,0,4,3,0,0,5,146.0,0
8864,0,0,0,4,3,0,0,5,22.0,0
8915,1,0,0,4,4,0,0,3,14.0,1
8916,0,0,0,4,4,0,0,5,22.0,0
8926,0,0,0,4,4,0,0,2,145.0,0
8930,0,0,0,4,4,0,0,1,183.0,0
8978,1,0,0,4,4,0,0,4,116.0,0
8980,0,0,0,4,4,0,0,1,17.0,1
8986,0,0,0,4,4,1,0,1,43.0,0
9020,0,0,0,4,5,1,0,1,40.0,1
9029,0,0,0,4,5,1,0,2,2.0,0
9035,1,0,0,4,5,1,0,2,104.0,1
9050,0,0,0,4,5,1,0,2,5.0,0
9059,1,0,0,4,5,1,0,1,31.0,0
9062,1,0,0,4,5,1,0,1,131.0,0
9113,0,0,0,4,6,1,0,4,14.0,0
9119,0,0,0,4,6,1,0,1,155.0,0
9140,0,0,0,4,6,1,0,2,17.0,1
9148,0,0,0,4,6,0,0,1,169.0,0
9204,1,0,0,4,7,1,0,1,2.0,0
9297,0,0,0,4,8,1,0,1,93.0,1
9317,0,0,0,4,8,0,0,2,17.0,1
9334,0,0,0,4,8,0,0,6,17.0,0
9355,0,0,0,4,9,0,0,2,176.0,0
9367,0,0,0,4,9,0,0,2,62.0,0
9391,0,0,0,4,9,1,0,1,45.0,0
9394,0,0,0,4,9,0,0,1,27.0,0
9456,0,0,0,4,10,0,0,1,67.0,1
9506,0,0,0,4,10,0,0,1,14.0,0
9528,0,0,0,4,10,1,0,1,40.0,0
9529,0,0,0,4,10,1,0,1,40.0,0
9533,0,0,0,4,10,0,0,1,17.0,1
9590,0,0,0,4,11,0,0,2,145.0,0
9626,0,0,0,4,11,0,0,1,116.0,1
9629,0,0,0,4,11,0,0,2,17.0,0
9641,0,0,0,4,12,0,0,1,17.0,0
9666,0,0,0,4,12,1,0,1,170.0,0
9673,0,0,0,4,12,0,0,2,17.0,0
9676,0,0,0,4,12,1,0,1,17.0,1
9701,0,0,0,4,12,1,0,1,40.0,0
9715,0,0,0,4,12,1,0,1,40.0,1
9720,0,0,0,4,12,1,0,1,14.0,0
9724,0,0,0,4,12,1,0,1,17.0,0
9730,0,0,0,4,12,1,0,6,41.0,1
9739,0,0,0,4,12,0,0,2,34.0,1
9742,1,0,0,4,12,1,0,6,2.0,0
9743,0,0,0,4,12,1,0,1,14.0,1
9744,0,0,0,4,12,1,0,1,17.0,0
9757,1,0,0,4,12,1,0,1,17.0,0
9758,0,0,0,4,12,1,0,1,17.0,1
9776,0,0,0,4,12,1,0,1,17.0,0
9791,0,0,0,4,13,1,0,2,26.0,1
9795,0,0,0,4,13,1,0,2,17.0,0
9907,0,0,0,4,14,1,0,1,54.0,0
9922,0,0,0,4,14,1,0,2,95.0,0
9945,0,0,0,4,14,0,0,1,14.0,0
9954,1,0,0,4,14,1,0,5,7.0,0
9955,1,0,0,4,14,1,0,5,82.0,0
10011,1,0,0,4,15,0,0,1,131.0,0
10049,0,0,0,4,15,0,0,3,175.0,1
10084,0,0,0,4,15,0,0,5,29.0,0
10118,0,0,0,4,15,0,0,6,40.0,0
10136,1,0,0,4,16,0,0,2,131.0,0
10151,1,0,0,5,16,0,0,4,63.0,1
10160,1,0,1,5,16,1,0,1,14.0,1
10166,0,0,0,4,16,1,0,1,131.0,1
10187,0,0,0,4,16,0,0,2,43.0,0
10227,1,0,0,4,17,0,0,2,57.0,0
10253,1,0,0,4,17,0,0,1,40.0,0
10310,0,0,0,4,18,0,0,2,14.0,1
10317,0,0,0,4,18,1,0,1,131.0,1
10355,1,0,0,4,18,0,0,3,17.0,1
10365,1,0,0,4,18,0,0,4,34.0,0
10392,1,0,0,5,18,1,0,6,31.0,1
10403,0,0,0,4,19,0,0,6,74.0,1
10457,0,0,0,4,19,1,0,1,17.0,0
10498,0,0,0,4,19,1,0,1,17.0,0
10533,0,0,0,4,20,1,0,1,137.0,2
10537,0,0,0,4,20,1,0,1,17.0,1
10538,0,0,0,4,20,1,0,2,17.0,0
10583,0,0,0,4,20,1,0,3,131.0,0
10622,0,0,0,4,20,1,0,1,26.0,0
10632,0,0,0,4,20,1,0,6,47.0,0
10644,0,0,0,4,21,1,0,1,9.0,0
10650,0,0,0,4,21,1,0,2,52.0,0
10674,1,0,0,4,21,0,0,1,61.0,1
10691,0,0,0,4,21,0,0,1,17.0,0
10771,0,0,0,4,22,0,0,1,17.0,0
10816,0,0,0,4,22,0,0,3,29.0,0
10833,1,0,0,4,22,0,0,4,145.0,0
10859,0,0,0,4,23,0,0,2,17.0,0
10876,1,0,0,4,23,0,0,5,40.0,1
10877,1,0,0,4,23,1,0,2,115.0,1
10907,1,0,0,5,23,0,0,1,40.0,1
10917,0,0,0,4,23,1,0,6,133.0,0
10938,0,0,0,4,23,0,0,1,170.0,0
10947,0,0,0,4,23,0,0,2,40.0,1
10986,1,0,0,4,24,0,0,3,145.0,0
10993,1,0,0,4,24,0,0,2,17.0,1
11009,0,0,0,4,24,0,0,6,146.0,1
11015,0,0,0,4,24,0,0,4,5.0,1
11051,0,1,0,4,25,0,0,6,136.0,0
11054,0,1,0,4,25,1,0,6,17.0,1
11117,1,0,0,4,25,1,0,1,44.0,0
11118,0,0,0,4,25,0,0,1,17.0,1
11119,0,0,0,5,25,0,0,1,131.0,1
11138,0,0,0,4,25,0,0,4,131.0,1
11207,1,0,0,5,26,0,0,1,40.0,0
11208,0,0,0,4,26,1,0,1,40.0,1
11209,0,0,0,4,26,1,0,1,17.0,1
11212,0,0,0,4,26,1,0,1,14.0,1
11243,0,0,0,5,26,0,0,6,49.0,0
11247,1,0,0,4,26,1,0,6,40.0,0
11251,1,0,0,4,26,1,0,3,57.0,0
11256,1,0,0,5,26,0,0,1,40.0,0
11279,1,0,0,4,26,1,0,1,31.0,1
11280,0,0,0,4,26,1,0,1,29.0,0
11281,1,0,0,4,26,1,0,1,17.0,1
11293,0,0,0,4,27,1,0,1,183.0,0
11307,0,0,0,4,27,1,0,3,43.0,1
11353,0,0,0,4,27,1,0,1,175.0,0
11391,0,0,0,5,27,0,0,1,67.0,1
11409,0,0,0,4,27,1,0,1,137.0,1
11413,0,1,0,4,28,1,0,2,40.0,1
11416,0,0,0,4,28,1,0,2,40.0,1
11417,0,0,0,4,28,1,0,2,40.0,1
11440,0,0,0,4,28,1,0,2,17.0,1
11449,0,0,0,4,28,0,0,1,17.0,1
11521,0,0,0,4,28,0,0,6,131.0,0
11536,1,0,0,5,29,0,0,6,43.0,1
11548,0,0,0,5,29,1,0,1,41.0,1
11550,0,0,0,5,29,1,0,1,41.0,1
11589,0,0,0,5,29,0,0,6,40.0,1
11596,1,0,0,4,29,0,0,5,70.0,1
11610,1,0,0,5,29,1,0,6,40.0,1
11616,0,0,0,4,29,0,0,1,131.0,1
11618,1,0,0,4,29,0,0,2,23.0,0
11633,1,0,0,4,29,0,0,1,30.0,0
11639,1,0,0,4,29,0,0,5,131.0,0
11684,1,0,0,5,30,1,0,1,40.0,1
11710,0,0,0,5,30,0,0,1,17.0,1
11725,1,0,0,5,30,0,0,1,17.0,0
11743,1,0,0,5,30,0,0,1,146.0,1
11768,0,0,0,5,30,0,0,6,177.0,1
11890,0,0,0,5,1,0,0,5,110.0,0
11891,0,0,0,5,1,0,0,5,110.0,0
12002,1,0,0,5,2,0,0,1,98.0,1
12005,1,0,0,5,2,1,0,1,167.0,1
12027,1,0,0,5,2,0,0,1,34.0,1
12056,1,0,0,5,3,0,0,2,54.0,0
12073,1,0,0,5,3,1,0,6,117.0,0
12088,0,0,0,5,3,1,0,1,17.0,0
12089,0,0,0,5,3,1,0,1,17.0,0
12105,0,0,0,5,3,0,0,3,9.0,0
12111,1,0,0,5,3,1,0,1,17.0,0
12136,0,0,0,5,3,1,0,1,36.0,0
12150,0,0,0,5,3,1,0,1,17.0,1
12178,1,0,0,5,3,1,0,1,40.0,0
12185,0,0,0,5,3,1,0,1,93.0,0
12186,0,0,0,5,3,1,0,3,17.0,1
12198,0,0,0,5,3,1,0,1,157.0,1
12266,0,0,0,5,4,1,0,1,47.0,0
12284,1,0,0,5,4,0,0,2,189.0,1
12313,1,0,0,5,4,1,0,1,54.0,2
12317,0,0,0,5,4,1,0,1,17.0,0
12334,0,0,0,5,4,1,0,1,93.0,0
12343,1,0,0,5,5,0,0,1,145.0,0
12350,0,0,0,5,5,0,0,1,146.0,0
12445,1,0,0,5,5,0,0,1,17.0,1
12479,1,0,0,5,6,0,0,1,17.0,0
12488,0,0,0,5,6,0,0,1,131.0,0
12519,0,0,0,5,6,0,0,1,2.0,0
12523,0,0,0,5,6,0,0,3,137.0,1
12526,0,0,0,5,6,0,0,1,40.0,0
12548,1,0,0,5,6,0,0,1,17.0,0
12549,1,0,0,5,6,0,0,1,17.0,0
12554,0,0,0,5,7,0,0,1,176.0,0
12565,0,0,0,5,7,0,0,2,149.0,0
12589,0,0,0,5,7,0,0,1,95.0,0
12620,0,0,0,5,7,0,0,6,40.0,0
12687,0,0,0,5,8,0,0,1,17.0,0
12697,1,0,0,5,8,0,0,3,43.0,0
12709,1,0,0,5,8,1,0,1,31.0,0
12728,1,0,0,5,8,1,0,2,14.0,0
12786,0,0,0,5,9,0,0,2,17.0,0
12792,1,0,0,5,9,0,0,1,17.0,1
12796,0,0,0,5,9,1,0,6,29.0,1
12812,1,0,0,5,9,0,0,1,134.0,1
12839,1,0,0,5,9,1,0,1,17.0,1
12841,0,0,0,5,9,1,0,1,17.0,0
12861,1,0,0,5,9,0,0,1,54.0,0
12899,1,0,0,5,10,0,0,1,31.0,0
12905,1,0,0,5,10,1,0,1,159.0,0
12918,0,0,0,5,10,1,0,1,60.0,0
12992,1,0,0,5,10,0,0,3,40.0,1
13006,1,0,0,5,10,1,0,1,14.0,0
13011,0,0,0,5,10,1,0,6,116.0,1
13040,1,0,0,5,10,0,0,2,31.0,1
13091,0,0,0,5,11,1,0,6,74.0,0
13105,0,0,0,5,11,1,0,5,17.0,1
13143,1,0,0,5,11,0,0,1,28.0,0
13152,0,0,0,5,11,1,0,3,131.0,0
13159,0,1,0,5,11,0,0,6,63.0,1
13180,0,0,0,5,11,1,0,1,14.0,0
13182,0,0,0,5,11,1,0,6,145.0,0
13187,0,0,0,5,11,1,0,1,14.0,0
13207,0,0,0,6,11,1,0,1,169.0,1
13231,0,0,0,5,11,1,0,1,9.0,0
13288,0,0,0,5,12,1,0,1,4.0,1
13324,1,0,0,5,12,0,0,6,29.0,0
13326,1,0,0,5,12,1,0,3,146.0,0
13333,0,0,0,5,12,0,0,1,106.0,0
13364,0,0,0,5,12,1,0,4,11.0,1
13408,0,0,0,5,12,0,0,1,17.0,0
13409,0,0,0,5,12,0,0,1,175.0,1
13414,1,0,0,5,12,0,0,1,17.0,0
13420,1,0,0,5,12,0,0,1,31.0,0
13441,1,0,0,5,13,1,0,2,40.0,1
13530,1,0,0,5,13,0,0,1,174.0,0
13532,1,0,0,5,13,0,0,1,40.0,1
13562,1,0,0,5,13,0,0,6,17.0,1
13585,0,0,0,5,14,0,0,1,98.0,1
13595,1,0,0,5,14,0,0,3,17.0,1
13600,0,0,0,5,14,0,0,3,117.0,0
13620,0,0,0,5,14,0,0,1,42.0,0
13656,0,0,0,5,14,1,0,2,43.0,1
13668,0,0,0,5,14,0,0,1,14.0,0
13675,0,0,0,5,14,0,0,1,40.0,1
13683,0,0,0,5,14,0,0,1,40.0,0
13684,0,0,0,5,14,0,0,3,40.0,1
13711,1,0,0,5,15,1,0,1,116.0,0
13712,1,0,0,5,15,0,0,4,31.0,1
13743,0,0,0,5,15,1,0,1,40.0,0
13789,0,0,0,5,15,0,0,5,17.0,1
13796,1,0,0,5,15,1,0,1,31.0,0
13818,0,0,0,5,16,0,0,1,131.0,0
13829,0,0,0,5,16,1,0,2,14.0,1
13841,1,0,0,6,16,1,0,6,161.0,1
13846,0,0,0,5,16,0,0,1,51.0,0
13854,0,0,0,5,16,0,0,1,13.0,1
13872,1,0,0,5,16,0,0,1,2.0,0
13891,1,0,0,5,16,0,0,1,31.0,1
13893,1,0,0,5,16,0,0,1,17.0,1
13898,1,0,0,5,16,1,0,6,49.0,1
13899,0,0,0,5,16,1,0,1,26.0,0
13949,1,0,0,5,17,1,0,1,46.0,1
13959,0,0,0,5,17,1,0,6,145.0,0
13979,0,0,0,5,17,1,0,1,131.0,0
13981,0,0,0,5,17,1,0,6,40.0,0
13998,0,0,0,5,17,0,0,1,36.0,0
14015,1,0,0,5,17,0,0,5,17.0,1
14024,1,0,0,5,17,1,0,1,17.0,0
14032,1,0,0,5,17,1,0,1,131.0,0
14040,0,0,0,5,17,1,0,1,40.0,0
14072,1,0,0,5,18,1,0,4,31.0,1
14075,0,1,0,5,18,1,0,2,17.0,1
14100,0,0,0,5,18,1,0,1,17.0,0
14138,1,0,0,5,18,1,0,2,47.0,0
14176,1,0,0,5,18,1,0,4,44.0,0
14227,0,0,0,5,18,1,0,1,14.0,0
14236,1,0,0,5,18,0,0,1,17.0,0
14244,1,0,0,5,19,0,0,6,153.0,0
14245,0,0,0,5,19,1,0,1,3.0,0
14303,0,0,0,5,19,1,0,1,17.0,0
14370,1,0,0,5,19,0,0,1,17.0,1
14380,0,0,0,5,20,0,0,2,50.0,0
14525,0,0,0,5,21,0,0,2,40.0,0
14564,0,0,0,5,21,0,0,1,40.0,0
14565,0,0,0,5,21,0,0,4,16.0,0
14643,0,0,0,5,22,0,0,2,17.0,0
14650,1,0,0,5,22,0,0,1,130.0,1
14651,1,0,1,5,22,0,0,1,116.0,1
14662,1,0,0,6,22,0,0,1,40.0,1
14693,0,0,0,5,22,0,0,6,49.0,1
14732,1,0,0,5,22,1,0,1,60.0,0
14741,1,0,0,5,22,0,0,3,51.0,0
14797,0,0,0,5,23,1,0,1,17.0,0
14807,1,0,0,5,23,0,0,1,49.0,0
14889,0,0,0,5,23,1,0,1,51.0,0
14895,1,0,0,5,23,0,0,1,40.0,0
14905,1,0,0,5,24,1,0,1,14.0,0
14920,1,0,0,5,24,1,0,6,29.0,1
14926,1,0,0,5,24,1,0,1,17.0,0
14957,1,0,0,5,24,0,0,4,65.0,1
14961,1,0,0,6,24,1,0,1,145.0,0
15007,0,1,0,5,24,1,0,1,119.0,0
15035,1,0,1,5,25,1,0,1,41.0,2
15122,0,0,0,5,25,1,0,1,67.0,1
15128,1,0,0,5,25,1,0,1,107.0,0
15134,1,0,0,6,25,1,0,1,26.0,0
15145,0,0,0,6,25,1,0,1,40.0,0
15208,1,0,0,5,25,1,0,2,3.0,0
15214,1,0,0,5,25,1,0,1,31.0,1
15226,1,0,0,5,25,1,0,1,17.0,0
15263,0,0,0,5,26,1,0,2,40.0,0
15310,0,0,0,5,26,0,0,1,17.0,0
15354,0,0,0,6,27,1,0,1,17.0,1
15520,0,0,0,5,28,0,0,1,17.0,0
15539,0,0,0,5,28,0,0,1,14.0,0
15558,0,0,0,5,28,0,0,1,133.0,0
15585,1,0,0,5,28,0,0,6,98.0,1
15786,1,0,0,6,30,1,0,1,17.0,0
15823,0,0,0,6,30,1,0,1,17.0,0
15829,0,0,0,5,30,0,0,1,42.0,1
15843,0,0,0,5,30,0,0,1,131.0,0
15873,0,0,0,5,30,0,0,2,137.0,1
15876,0,0,0,6,30,1,0,1,14.0,1
15907,0,0,0,5,31,0,0,2,26.0,0
15983,0,0,0,6,31,1,0,2,17.0,0
16069,1,0,0,6,31,1,0,1,153.0,0
16073,1,0,0,6,31,1,0,1,17.0,1
16092,1,0,1,6,31,1,0,1,131.0,1
16228,1,0,0,6,1,0,0,3,14.0,1
16242,0,0,0,6,1,1,0,2,34.0,1
16336,0,0,0,6,1,1,0,1,17.0,0
16341,1,0,0,6,1,1,0,1,31.0,0
16345,0,0,0,6,2,1,0,1,17.0,0
16347,0,0,0,6,2,1,0,1,93.0,0
16358,0,0,0,6,2,1,0,1,9.0,0
16366,1,0,0,6,2,0,0,1,111.0,0
16454,0,0,0,6,2,1,0,5,36.0,1
16468,0,0,0,6,2,0,0,4,131.0,1
16560,1,0,0,6,2,0,0,1,17.0,1
16612,0,0,0,6,3,0,0,5,42.0,0
16659,0,0,0,6,3,0,0,4,43.0,0
16803,0,0,0,6,4,0,0,5,1.0,1
16825,0,0,0,6,4,0,0,1,40.0,0
16883,0,0,0,6,5,0,0,1,40.0,0
16951,0,0,0,6,5,0,0,1,40.0,0
16961,0,0,0,6,5,0,0,1,17.0,0
16977,1,0,0,6,5,0,0,1,132.0,0
17024,1,0,0,6,6,0,0,1,41.0,0
17066,0,0,0,7,6,0,0,1,14.0,0
17141,0,0,0,6,6,1,0,2,36.0,0
17162,1,0,0,6,6,1,0,6,28.0,0
17178,1,0,0,6,7,1,0,6,40.0,1
17183,1,0,0,6,7,1,0,2,40.0,1
17213,0,0,0,6,7,0,0,2,131.0,0
17229,1,0,0,6,7,0,0,4,110.0,0
17260,1,0,0,6,7,0,0,4,50.0,0
17278,1,0,0,6,7,1,0,1,17.0,1
17303,0,0,0,6,7,1,0,1,131.0,0
17306,0,0,0,6,7,1,0,1,132.0,0
17310,0,0,0,6,7,1,0,5,146.0,0
17335,0,0,0,6,7,1,0,1,17.0,1
17341,0,0,0,6,8,1,0,2,26.0,1
17385,0,0,0,6,8,0,0,1,14.0,0
17408,0,1,0,6,8,1,0,1,26.0,0
17416,1,0,0,6,8,1,0,1,28.0,0
17417,0,0,0,6,8,1,0,1,14.0,0
17427,0,0,0,6,8,1,0,2,93.0,0
17457,0,0,0,6,8,1,0,6,40.0,0
17461,0,1,0,6,8,1,0,5,98.0,1
17469,0,0,0,6,8,1,0,6,49.0,0
17500,0,0,0,6,9,1,0,1,17.0,0
17516,0,0,0,6,9,1,0,2,17.0,1
17584,0,0,0,6,9,0,0,1,17.0,1
17623,0,0,0,6,9,1,0,1,34.0,1
17645,0,0,0,6,9,0,0,1,9.0,0
17683,1,0,0,6,9,0,0,2,17.0,1
17770,1,0,0,6,10,0,0,1,42.0,1
17789,0,0,0,6,10,1,0,1,34.0,1
17790,0,0,0,6,10,1,0,2,34.0,1
17835,1,0,0,6,11,0,0,1,43.0,0
17863,0,0,0,6,11,0,0,1,175.0,0
17872,1,0,0,6,11,0,0,3,29.0,1
17954,1,0,0,6,11,1,0,1,40.0,1
17973,0,0,0,6,12,0,0,1,17.0,0
17975,0,0,0,6,12,0,0,1,175.0,0
18021,1,0,0,6,12,0,0,4,14.0,1
18055,0,0,0,6,12,0,0,2,34.0,0
18058,1,0,0,6,12,0,0,1,31.0,0
18061,1,0,0,6,12,0,0,5,40.0,1
18088,1,0,0,6,12,0,0,1,17.0,1
18130,0,0,0,6,13,0,0,2,40.0,0
18161,0,0,0,6,13,1,0,1,131.0,0
18166,0,0,0,6,13,1,0,1,2.0,1
18208,1,0,0,6,13,1,0,1,64.0,0
18215,1,0,0,6,13,0,0,1,17.0,0
18228,1,0,0,7,14,1,0,2,131.0,0
18296,1,0,0,6,14,1,0,6,124.0,0
18300,0,0,0,6,14,1,0,6,110.0,0
18309,0,0,0,6,14,1,0,1,17.0,1
18315,0,0,0,6,14,1,0,1,137.0,0
18316,0,0,0,6,14,0,0,2,30.0,1
18333,1,0,0,6,14,0,0,4,17.0,1
18335,1,0,0,6,14,1,0,1,17.0,0
18359,0,0,0,6,14,1,0,1,17.0,0
18361,1,0,0,6,14,1,0,1,161.0,0
18373,0,0,0,6,14,1,0,1,41.0,1
18384,1,0,0,6,15,0,0,1,17.0,0
18461,0,0,0,6,15,1,0,1,93.0,0
18466,0,0,0,6,15,1,0,1,93.0,0
18469,1,0,0,6,15,1,0,1,40.0,2
18470,1,0,0,6,15,1,0,1,17.0,1
18489,0,0,0,6,15,1,0,1,17.0,1
18513,0,0,0,6,16,1,0,1,17.0,0
18554,0,0,0,6,16,0,0,1,40.0,1
18620,0,0,0,6,16,0,0,1,40.0,1
18637,1,0,0,6,16,0,0,1,40.0,0
18661,0,0,0,6,17,0,0,2,9.0,0
18675,0,0,0,6,17,0,0,4,73.0,0
18707,0,0,0,6,17,0,0,1,154.0,0
18713,0,0,0,6,17,0,0,3,43.0,0
18728,0,0,0,6,17,0,0,1,33.0,0
18765,1,0,0,6,17,0,0,1,16.0,0
18782,1,0,0,6,17,1,0,1,50.0,1
18791,0,0,0,6,18,0,0,2,176.0,0
18794,0,0,0,6,18,0,0,2,49.0,0
18836,1,0,0,6,18,0,0,4,9.0,0
18852,0,0,0,6,18,0,0,1,17.0,0
18863,0,0,0,6,18,0,0,5,67.0,0
18904,0,0,0,6,19,1,0,2,14.0,1
18936,1,0,0,6,19,0,0,1,14.0,0
18950,0,0,0,6,19,0,0,1,17.0,0
19037,1,0,0,6,20,0,0,1,155.0,1
19041,0,0,0,6,20,0,0,1,17.0,0
19044,0,0,0,6,20,1,0,1,36.0,1
19051,1,0,0,6,20,0,0,2,28.0,1
19060,1,0,0,6,20,0,0,5,111.0,0
19106,1,0,0,6,20,0,0,1,40.0,0
19112,0,0,0,6,20,1,0,1,93.0,1
19114,1,0,0,6,20,1,0,1,95.0,0
19115,1,0,0,6,20,0,0,1,17.0,0
19117,1,0,0,6,20,0,0,1,40.0,0
19128,1,0,0,6,21,0,0,1,131.0,0
19131,0,0,0,6,21,0,0,6,9.0,1
19140,0,0,0,6,21,0,0,1,17.0,1
19165,1,0,0,6,21,1,0,1,116.0,1
19179,1,0,0,6,21,1,0,1,17.0,0
19198,0,0,0,6,21,0,0,1,14.0,1
19200,0,0,0,6,21,1,0,1,17.0,1
19235,0,0,0,6,21,1,0,1,40.0,0
19261,1,0,0,6,21,1,0,6,40.0,1
19276,0,0,0,6,21,1,0,6,40.0,0
19282,1,0,0,6,21,0,0,5,131.0,1
19299,1,0,0,6,21,1,0,6,40.0,1
19374,1,0,0,6,22,1,0,1,17.0,1
19385,1,0,0,6,22,1,0,1,17.0,1
19394,0,0,0,6,22,1,0,1,117.0,0
19413,0,0,0,6,22,1,0,1,93.0,0
19420,1,0,0,6,22,1,0,1,132.0,0
19421,1,0,0,6,22,0,0,1,40.0,0
19443,1,0,0,6,22,1,0,1,132.0,0
19446,1,0,0,6,22,1,0,2,54.0,0
19455,0,0,0,6,23,1,0,1,132.0,1
19479,0,0,0,6,23,0,0,1,131.0,0
19512,1,0,0,6,23,0,0,6,106.0,0
19514,0,0,0,6,23,0,0,1,43.0,0
19559,0,0,0,6,23,1,0,1,124.0,0
19629,0,0,0,6,24,0,0,2,14.0,1
19653,1,0,0,6,24,0,0,1,106.0,0
19669,0,0,0,6,24,0,0,2,17.0,0
19673,1,0,0,7,24,0,0,1,151.0,1
19694,1,0,0,6,25,0,0,1,177.0,0
19707,1,0,0,6,25,0,0,1,137.0,0
19736,0,0,0,6,25,0,0,3,116.0,0
19767,0,0,0,6,25,0,0,5,34.0,1
19768,1,0,0,6,25,0,0,1,14.0,0
19770,1,0,0,6,25,0,0,1,40.0,0
19785,0,0,0,6,25,0,0,6,137.0,0
19818,1,0,0,7,26,0,0,3,50.0,0
19823,1,0,0,6,26,1,0,2,31.0,1
19872,0,0,0,6,26,0,0,1,9.0,0
19967,0,0,0,6,27,0,0,1,61.0,0
19984,1,0,0,6,27,0,0,1,17.0,0
20092,0,0,0,6,28,1,0,1,17.0,1
20172,0,0,0,6,28,1,0,2,131.0,0
20189,0,0,0,6,28,1,0,1,14.0,0
20193,1,0,0,6,28,1,0,1,3.0,0
20195,1,0,0,6,28,1,0,1,11.0,0
20227,1,0,0,6,28,1,0,1,23.0,1
20231,1,0,0,6,28,1,0,1,17.0,1
20239,1,0,0,6,28,1,0,1,54.0,0
20248,1,0,0,6,28,1,0,2,93.0,0
20253,0,0,0,6,28,1,0,1,17.0,1
20291,0,0,0,6,29,1,0,2,17.0,0
20321,1,0,0,6,29,1,0,1,17.0,0
20324,0,0,0,6,29,1,0,1,17.0,0
20346,0,0,0,6,29,1,0,1,17.0,0
20357,0,0,0,6,29,1,0,4,2.0,1
20362,0,0,0,6,29,1,0,1,17.0,0
20369,1,0,0,7,29,1,0,1,12.0,0
20374,1,0,0,6,29,1,0,1,93.0,0
20378,1,0,0,7,29,0,0,1,49.0,1
20450,0,0,0,6,30,1,0,3,131.0,0
20570,1,0,0,7,1,0,0,3,54.0,1
20604,0,0,0,7,1,0,0,1,137.0,0
20605,1,0,0,7,1,0,0,4,17.0,1
20656,0,0,0,7,1,0,0,1,17.0,0
20676,0,0,0,7,2,0,0,2,2.0,0
20723,0,0,0,7,2,0,0,6,40.0,0
20915,1,0,0,7,3,1,0,6,14.0,1
20917,1,0,0,7,3,0,0,5,17.0,1
20920,0,0,0,7,3,0,0,2,15.0,1
20948,1,0,0,7,4,0,0,6,44.0,1
20981,1,0,0,7,4,1,0,1,50.0,0
20995,0,0,0,7,4,0,0,1,17.0,0
21037,1,0,0,7,4,0,0,4,40.0,1
21068,1,0,0,7,4,1,0,1,107.0,0
21094,1,0,0,7,4,1,0,1,17.0,0
21106,1,0,0,7,5,1,0,2,112.0,1
21181,0,0,0,7,5,0,0,4,9.0,0
21183,0,0,0,7,5,0,0,5,118.0,1
21191,0,0,0,7,5,1,0,1,17.0,0
21204,0,0,0,7,5,1,0,1,145.0,0
21225,0,0,0,7,5,1,0,1,50.0,0
21230,0,0,0,7,5,1,0,1,17.0,0
21231,0,0,0,7,5,1,0,1,17.0,0
21234,0,0,0,7,5,1,0,2,132.0,0
21238,0,0,0,7,5,1,0,1,14.0,0
21289,0,1,0,7,6,1,0,2,3.0,0
21482,0,0,0,7,6,1,0,1,17.0,1
21483,0,0,0,7,6,1,0,3,131.0,1
21530,0,0,0,7,6,1,0,1,11.0,0
21563,0,0,0,7,6,1,0,1,17.0,1
21581,0,0,0,7,6,1,0,1,17.0,1
21605,0,0,0,7,7,0,0,6,14.0,0
21759,0,0,0,7,8,0,0,2,17.0,1
21766,0,0,0,7,8,0,0,2,17.0,0
21772,0,0,0,7,8,0,0,2,94.0,0
21786,0,0,0,7,8,0,0,5,30.0,0
21795,1,0,0,7,8,1,0,1,31.0,1
21806,0,0,0,7,8,1,0,2,17.0,1
21861,1,0,0,7,8,0,0,2,40.0,1
21876,1,0,0,7,9,1,0,1,31.0,1
21985,0,0,0,7,9,0,0,3,146.0,0
21997,0,0,0,7,9,0,0,1,93.0,0
22015,1,0,0,7,10,1,0,6,12.0,0
22054,1,0,0,7,10,0,0,1,145.0,0
22112,1,0,0,7,10,1,0,1,98.0,0
22115,1,0,0,7,10,0,0,5,93.0,1
22124,0,0,0,7,10,0,0,6,40.0,1
22170,1,0,0,7,11,0,0,1,40.0,1
22245,0,0,0,7,11,1,0,6,14.0,0
22264,0,0,0,7,11,1,0,3,14.0,0
22286,0,0,0,7,11,0,0,6,131.0,0
22301,0,0,0,7,11,1,0,1,116.0,0
22320,1,0,0,7,11,1,0,1,14.0,1
22432,0,0,0,7,12,1,0,1,93.0,0
22465,0,0,0,7,12,1,0,2,185.0,1
22468,0,1,0,7,12,1,0,1,151.0,0
22501,0,0,0,7,12,1,0,1,50.0,0
22510,0,0,0,7,12,1,0,6,127.0,0
22524,0,0,0,7,12,1,0,1,17.0,0
22546,0,0,0,7,12,1,0,1,17.0,1
22567,1,0,0,7,13,0,0,2,14.0,0
22669,1,0,0,7,13,1,0,1,40.0,0
22685,0,0,0,7,13,1,0,1,17.0,0
22708,0,0,0,7,13,1,0,1,17.0,0
22721,0,0,0,7,14,1,0,1,17.0,0
22734,0,0,0,7,14,1,0,2,17.0,0
22738,1,0,0,7,14,0,0,1,17.0,0
22776,0,0,0,7,14,0,0,2,131.0,0
22794,0,0,0,7,14,0,0,2,17.0,1
22845,0,0,0,7,14,0,0,4,131.0,0
22886,1,0,0,7,15,0,0,2,16.0,1
22905,0,0,0,7,15,0,0,1,14.0,1
23004,1,0,0,7,15,1,0,4,31.0,1
23031,0,0,0,7,16,0,0,1,14.0,0
23066,1,0,0,7,16,0,0,3,17.0,1
23113,0,0,0,7,16,0,0,2,175.0,0
23196,1,0,0,7,17,1,0,1,31.0,1
23203,1,0,0,7,17,0,0,4,40.0,1
23211,1,0,0,7,17,0,0,1,3.0,1
23217,1,0,0,7,17,0,0,4,17.0,1
23236,0,0,0,7,17,1,0,1,40.0,1
23269,1,0,0,7,17,1,0,1,17.0,0
23294,0,0,0,7,18,0,0,2,17.0,1
23322,1,0,0,7,18,0,0,1,40.0,0
23336,1,0,0,7,18,0,0,6,31.0,1
23349,1,0,0,7,18,0,0,1,98.0,1
23355,1,0,0,7,18,1,0,1,93.0,0
23442,1,0,0,7,18,0,0,6,17.0,1
23459,1,0,0,7,19,0,0,4,131.0,1
23463,0,0,0,7,19,1,0,1,14.0,0
23517,1,0,0,7,19,1,0,1,46.0,1
23544,0,0,0,7,19,1,0,1,133.0,0
23550,1,0,0,7,19,0,0,4,14.0,1
23555,0,0,0,7,19,1,0,1,17.0,0
23560,0,0,0,7,19,1,0,2,43.0,1
23573,0,0,0,7,19,1,0,1,163.0,0
23600,0,0,0,7,19,1,0,1,98.0,0
23626,1,0,0,7,19,1,0,6,17.0,1
23627,1,0,0,7,19,1,0,2,31.0,0
23633,0,0,0,7,19,1,0,2,17.0,0
23746,1,0,0,7,20,1,0,1,132.0,0
23771,0,0,0,7,20,1,0,1,17.0,0
23813,0,0,0,7,21,1,0,2,17.0,0
23875,0,0,0,7,21,0,0,1,40.0,1
23942,1,0,0,7,21,0,0,5,16.0,1
24013,0,0,0,7,22,0,0,1,131.0,0
24015,0,0,0,7,22,0,0,1,46.0,0
24029,0,0,0,7,22,1,0,1,17.0,1
24101,1,0,0,8,23,0,0,3,164.0,1
24102,1,0,0,7,23,0,0,1,93.0,1
24106,0,0,0,7,23,0,0,1,22.0,0
24171,1,0,0,7,23,0,0,1,17.0,0
24247,0,0,0,7,24,0,0,2,136.0,1
24265,1,0,0,7,24,0,0,6,43.0,1
24308,1,0,0,7,24,0,0,3,3.0,0
24315,0,0,0,7,24,0,0,1,101.0,1
24334,1,0,0,8,24,0,0,5,74.0,0
24337,1,0,0,7,24,1,0,6,100.0,0
24364,0,0,0,7,24,1,0,6,40.0,0
24374,0,0,0,7,25,0,0,1,57.0,1
24422,1,0,0,7,25,0,0,4,3.0,0
24430,0,0,0,7,25,1,0,6,130.0,0
24446,0,0,0,7,25,1,0,1,10.0,0
24488,1,0,0,7,25,1,0,6,2.0,0
24490,1,0,0,8,25,0,0,2,26.0,1
24514,0,0,0,7,25,0,0,1,40.0,0
24582,1,0,0,7,26,1,0,1,17.0,0
24621,0,0,0,7,26,1,0,3,131.0,1
24626,1,0,0,7,26,1,0,2,60.0,1
24638,0,0,0,8,26,0,0,1,14.0,0
24639,0,0,0,7,26,1,0,1,129.0,0
24649,0,0,0,7,26,1,0,1,2.0,1
24654,0,0,0,7,26,1,0,1,17.0,0
24655,0,0,0,7,26,1,0,1,163.0,0
24722,1,0,0,7,27,1,0,1,136.0,0
24737,0,0,0,7,27,1,0,3,131.0,0
24740,1,0,0,8,27,0,0,1,2.0,0
24767,1,0,0,7,27,0,0,2,16.0,1
24820,0,0,0,7,27,1,0,1,17.0,1
24850,0,0,0,7,28,1,0,1,132.0,0
24904,0,0,0,7,28,1,0,4,17.0,1
25026,0,0,0,7,29,0,0,3,43.0,1
25030,1,0,0,8,29,0,0,6,43.0,1
25083,1,0,0,8,29,1,0,1,188.0,1
25097,0,0,0,8,29,0,0,2,43.0,1
25146,1,0,0,8,30,0,0,6,17.0,1
25176,1,0,0,8,30,0,0,1,131.0,1
25222,1,0,0,7,30,0,0,1,9.0,0
25225,0,0,0,7,30,0,0,2,26.0,0
25346,0,0,0,9,31,1,0,1,136.0,1
25379,1,0,0,8,31,0,0,1,40.0,1
25433,0,0,0,8,31,0,0,2,93.0,0
25453,0,0,0,8,1,0,0,1,17.0,0
25695,1,0,0,8,1,0,0,6,41.0,0
25701,0,1,0,8,1,0,0,1,2.0,1
25820,1,0,0,8,2,1,0,1,158.0,0
25880,1,0,0,8,2,1,0,1,17.0,1
25945,1,0,0,8,2,1,0,1,93.0,0
25952,1,0,0,8,2,1,0,1,17.0,1
26001,0,0,0,8,3,1,0,3,17.0,0
26025,0,0,0,8,3,1,0,6,139.0,0
26027,1,0,0,8,3,0,0,2,1.0,1
26062,0,0,0,8,3,1,0,1,46.0,0
26091,1,0,0,8,3,1,0,3,171.0,1
26111,0,0,0,8,3,1,0,1,169.0,0
26210,1,0,0,8,4,1,0,4,54.0,1
26223,0,0,0,8,4,0,0,1,133.0,0
26284,0,0,0,8,4,0,0,1,17.0,0
26355,1,0,0,8,5,0,0,1,54.0,0
26368,1,0,0,8,5,0,0,4,67.0,1
26370,0,0,0,8,5,0,0,4,67.0,0
26379,1,0,0,8,5,1,0,1,17.0,0
26387,0,0,0,8,5,0,0,1,17.0,0
26404,1,0,0,8,5,1,0,2,17.0,1
26413,0,0,0,8,5,0,0,1,93.0,0
26424,0,0,0,8,5,0,0,1,188.0,0
26442,1,0,0,8,5,0,0,1,17.0,0
26465,0,0,0,8,6,0,0,2,134.0,0
26479,1,0,0,8,6,1,0,1,14.0,0
26487,0,0,0,8,6,0,0,1,98.0,1
26488,1,0,0,8,6,0,0,1,17.0,1
26535,1,0,0,8,6,0,0,4,17.0,1
26652,1,0,0,8,7,0,0,5,11.0,0
26688,1,0,0,8,7,0,0,4,106.0,1
26720,1,0,0,8,7,0,0,1,50.0,0
26767,0,0,0,8,8,0,0,5,36.0,0
26768,0,0,0,8,8,0,1,6,36.0,0
26812,1,0,0,8,8,0,0,1,17.0,0
26817,1,0,0,8,8,0,0,1,40.0,1
26819,1,0,0,8,8,0,0,1,40.0,1
26837,1,0,0,8,8,1,0,1,132.0,0
26857,1,0,0,8,8,0,0,1,26.0,1
26906,0,0,0,8,8,0,0,6,17.0,0
26937,1,0,0,8,8,0,0,1,93.0,0
26954,0,0,0,8,8,1,0,1,17.0,0
26957,1,0,0,8,9,1,0,6,110.0,0
26961,1,0,0,8,9,0,0,1,132.0,0
26985,0,0,0,8,9,1,0,6,110.0,0
26986,1,0,0,8,9,1,0,6,40.0,0
27025,0,0,0,8,9,1,0,1,94.0,1
27030,0,0,0,8,9,1,0,1,106.0,0
27042,0,0,0,8,9,1,0,6,131.0,0
27079,0,0,0,8,9,1,0,1,40.0,0
27080,0,0,0,8,9,1,0,1,93.0,0
27107,0,0,0,8,9,1,0,1,145.0,0
27108,1,0,0,8,9,1,0,1,93.0,0
27109,0,0,0,8,9,1,0,1,17.0,0
27112,0,0,0,8,9,1,0,1,17.0,0
27115,1,0,0,8,9,0,0,1,2.0,1
27138,0,0,0,8,10,1,0,2,183.0,0
27212,0,0,0,8,10,1,0,1,17.0,0
27231,0,0,0,8,10,1,0,4,17.0,1
27245,1,0,0,8,10,1,0,1,15.0,0
27271,0,0,0,8,10,1,0,6,14.0,0
27345,0,0,0,8,11,0,0,1,17.0,0
27418,1,0,0,8,11,0,0,2,17.0,0
27428,0,0,0,8,11,1,0,5,131.0,0
27447,1,0,0,8,11,0,0,6,22.0,0
27517,0,0,0,8,12,0,0,1,14.0,1
27539,0,0,0,8,12,0,0,1,17.0,0
27614,0,0,0,8,13,0,0,1,118.0,1
27617,0,0,0,8,13,0,0,6,40.0,0
27630,1,0,0,8,13,0,0,4,17.0,1
27643,0,0,0,8,13,0,1,6,74.0,0
27663,0,0,0,8,13,0,0,1,29.0,2
27666,1,0,0,8,13,1,0,1,1.0,1
27688,1,0,0,8,13,0,0,1,17.0,0
27698,1,0,0,8,13,0,0,1,60.0,0
27725,1,0,0,8,13,0,0,1,17.0,0
27739,1,0,0,8,13,0,0,2,17.0,1
27781,1,0,0,8,13,0,0,1,41.0,0
27794,1,0,0,8,13,0,0,1,40.0,1
27799,0,1,0,8,13,0,0,5,36.0,1
27815,1,0,0,8,14,0,0,2,14.0,1
27844,1,0,0,8,14,0,0,1,40.0,1
27872,1,0,0,8,14,0,0,3,14.0,1
27879,0,0,0,8,14,0,0,2,17.0,0
27964,0,0,0,8,14,0,0,1,17.0,0
28029,0,0,0,8,15,0,0,6,14.0,1
28031,0,0,0,8,15,0,0,1,40.0,0
28171,1,0,0,8,15,1,0,1,14.0,1
28176,0,0,0,8,15,0,0,6,17.0,1
28177,0,0,0,8,15,0,0,6,17.0,1
28205,0,0,0,8,16,0,0,2,49.0,0
28289,0,0,0,8,16,1,0,1,50.0,0
28291,1,0,0,8,16,1,0,1,17.0,0
28306,0,0,0,8,16,1,0,2,34.0,1
28316,1,0,0,8,16,0,0,2,17.0,1
28342,1,0,0,8,16,1,0,2,17.0,0
28350,0,0,0,8,16,1,0,6,132.0,0
28379,1,0,0,8,17,1,0,2,17.0,0
28397,0,1,0,8,17,1,0,3,137.0,1
28413,1,0,0,8,17,1,0,1,17.0,0
28422,0,0,0,8,17,0,0,2,17.0,1
28433,0,0,0,8,17,1,0,1,41.0,1
28440,1,0,0,8,17,0,0,1,17.0,0
28449,1,0,0,8,17,1,0,1,93.0,0
28454,0,0,0,8,17,1,0,6,29.0,0
28536,0,0,0,8,17,1,0,1,93.0,0
28552,1,0,0,8,17,1,0,1,17.0,0
28565,0,0,0,8,17,1,0,1,15.0,1
28570,0,0,0,8,17,1,0,1,49.0,0
28580,1,0,0,8,17,1,0,1,132.0,0
28581,0,0,0,8,17,1,0,1,93.0,0
28698,1,0,0,8,18,1,0,6,14.0,1
28733,0,0,0,8,18,0,0,1,9.0,0
28750,0,0,0,8,18,0,0,6,14.0,1
28867,0,0,0,8,19,0,0,1,46.0,0
28892,1,0,0,8,19,0,0,1,17.0,1
28986,1,0,0,8,20,0,0,1,14.0,0
29007,0,0,0,8,20,0,0,5,131.0,0
29011,0,1,0,8,20,0,0,5,40.0,1
29024,0,0,0,8,20,0,0,4,49.0,1
29053,1,0,0,8,20,1,0,1,98.0,1
29066,1,0,0,8,20,1,0,2,131.0,1
29124,1,0,0,8,21,0,0,6,131.0,0
29125,0,0,0,8,21,0,0,1,145.0,1
29181,1,0,0,8,21,0,0,1,176.0,1
29198,0,0,0,8,21,0,0,1,17.0,1
29202,1,0,0,8,21,0,0,1,146.0,0
29208,1,0,0,8,21,0,0,1,17.0,0
29222,1,0,0,9,21,0,0,3,14.0,1
29236,0,1,0,8,21,0,0,1,99.0,0
29341,0,0,0,8,22,1,0,3,2.0,0
29342,0,0,0,8,22,1,0,1,14.0,0
29361,0,0,0,8,22,1,0,1,133.0,0
29503,0,0,0,8,23,0,0,3,17.0,0
29513,1,0,0,8,23,1,0,1,17.0,0
29590,0,0,0,8,23,1,0,2,17.0,0
29666,0,1,0,9,24,1,0,4,131.0,1
29765,1,0,0,8,24,1,0,2,17.0,1
29791,0,0,0,8,25,1,0,2,17.0,0
29821,0,0,0,8,25,1,0,3,17.0,0
29835,1,0,0,9,25,1,0,2,98.0,1
29864,0,0,0,8,25,0,0,6,40.0,2
29868,0,0,0,8,25,1,0,2,54.0,0
29877,0,0,0,8,25,0,0,2,5.0,0
29883,1,0,0,8,25,0,0,2,34.0,1
29910,1,0,0,8,25,0,0,6,131.0,1
29913,1,0,0,9,25,1,0,2,14.0,1
29946,1,0,0,8,26,0,0,1,131.0,1
29971,0,0,0,8,26,0,0,1,14.0,0
29973,0,0,0,8,26,0,0,1,146.0,0
30045,1,0,0,8,26,0,0,1,177.0,0
30143,1,0,0,8,27,0,0,5,38.0,1
30325,1,0,0,9,29,1,0,1,16.0,1
30338,1,0,0,8,29,0,0,3,40.0,1
30359,0,0,0,8,29,1,0,1,116.0,0
30374,0,0,0,8,29,1,0,1,93.0,0
30402,1,0,0,9,29,0,0,4,94.0,1
30407,0,0,0,9,29,0,0,1,146.0,0
30408,0,0,0,8,29,0,0,4,36.0,0
30419,1,0,0,8,29,1,0,1,40.0,0
30507,1,0,0,8,30,1,0,2,131.0,1
30513,0,0,0,8,30,1,0,1,9.0,0
30525,0,0,0,8,30,1,0,1,93.0,0
30570,1,0,0,8,30,1,0,2,9.0,0
30574,0,0,0,8,30,1,0,1,93.0,0
30773,0,0,0,9,30,1,0,1,93.0,0
30826,0,0,0,8,31,1,0,1,17.0,0
30843,0,0,0,8,31,1,0,2,17.0,0
30844,0,0,0,9,31,1,0,6,49.0,0
30849,0,0,0,8,31,1,0,2,131.0,0
31059,0,0,0,9,31,1,0,1,145.0,0
31074,0,0,0,9,1,1,0,6,131.0,0
31083,0,0,0,9,1,1,0,1,95.0,0
31087,1,0,0,9,1,1,0,4,26.0,0
31109,1,0,0,9,1,0,0,1,14.0,0
31112,1,0,0,9,1,1,0,3,67.0,1
31137,0,0,0,9,1,1,0,3,9.0,0
31146,0,0,0,9,1,0,0,4,53.53778337531486,0
31259,1,0,0,9,2,0,0,2,40.0,1
31263,0,0,0,9,2,0,0,1,40.0,0
31268,1,0,0,9,2,0,0,1,153.0,0
31315,0,0,0,9,2,1,0,6,40.0,0
31396,1,0,0,9,2,1,0,1,2.0,1
31416,0,0,0,9,3,0,0,1,106.0,1
31497,0,0,0,9,3,0,0,1,17.0,0
31504,0,0,0,9,3,1,0,1,2.0,1
31510,0,0,0,9,3,1,0,1,17.0,0
31530,1,0,0,9,3,0,0,3,49.0,0
31585,0,0,0,9,4,0,0,2,14.0,0
31598,0,0,0,9,4,0,0,4,110.0,1
31631,0,0,0,9,4,0,0,1,131.0,0
31662,1,0,0,9,4,0,0,1,176.0,1
31694,0,1,0,9,4,1,0,5,110.0,1
31752,0,1,0,9,5,1,0,1,17.0,1
31822,1,0,0,9,5,1,0,1,101.0,0
31835,1,0,0,9,5,1,0,1,93.0,0
31893,1,0,0,9,5,1,0,6,41.0,0
31896,0,0,0,9,5,0,0,1,17.0,0
31918,0,0,0,9,5,1,0,1,95.0,0
31980,1,0,0,9,6,1,0,1,98.0,0
31988,1,0,0,9,6,1,0,1,40.0,1
31994,0,0,0,9,6,1,0,1,22.0,0
32055,1,0,0,9,6,0,0,5,14.0,0
32085,1,0,1,9,6,0,0,5,36.0,1
32090,0,0,0,9,6,1,0,1,17.0,0
32100,0,0,0,9,6,1,0,1,98.0,0
32127,1,0,0,9,6,1,0,6,41.0,0
32128,1,0,0,9,6,1,0,1,41.0,0
32132,1,0,0,9,6,1,0,6,41.0,0
32142,1,0,0,9,6,1,0,1,17.0,0
32173,0,0,0,9,6,1,0,2,116.0,0
32185,1,0,0,9,7,1,0,5,14.0,1
32223,0,0,0,9,7,1,0,1,93.0,0
32224,0,0,0,9,7,1,0,1,93.0,0
32261,1,0,0,9,7,1,0,1,14.0,0
32290,0,0,0,9,7,1,0,5,131.0,0
32297,0,0,0,9,7,1,0,1,17.0,0
32314,0,0,0,9,7,1,0,1,17.0,0
32316,0,0,0,9,7,0,0,1,26.0,0
32319,1,0,0,9,7,1,0,1,17.0,0
32321,1,0,0,9,7,1,0,1,17.0,0
32323,1,0,0,9,7,1,0,3,14.0,1
32330,1,0,0,9,7,1,0,1,17.0,0
32336,1,0,0,9,7,1,0,6,93.0,1
32340,1,0,0,9,7,1,0,1,132.0,1
32346,0,0,0,9,7,1,0,1,93.0,0
32350,1,0,0,9,7,1,0,1,93.0,0
32351,1,0,0,9,7,1,0,1,111.0,0
32353,0,0,0,9,8,1,0,1,93.0,1
32356,1,0,0,9,8,1,0,1,14.0,1
32376,0,0,0,9,8,0,0,1,93.0,0
32390,0,0,0,9,8,0,0,1,93.0,1
32403,1,0,0,9,8,0,0,6,145.0,0
32443,0,1,0,9,8,0,0,6,40.0,0
32462,0,0,0,9,8,0,0,2,93.0,1
32622,1,0,0,9,10,0,0,3,43.0,1
32680,0,1,0,9,10,0,0,1,167.0,1
32682,1,0,0,9,10,0,0,1,40.0,0
32695,0,0,0,9,10,0,0,3,17.0,0
32755,1,0,0,9,11,0,0,1,17.0,1
32816,0,0,0,9,11,0,0,1,43.0,0
32872,0,0,0,9,11,0,0,3,34.0,1
32961,1,0,0,9,12,0,0,3,17.0,0
32986,1,0,0,10,12,1,0,4,17.0,1
33024,0,0,0,9,12,0,0,6,70.0,0
33046,0,0,0,9,13,0,0,2,17.0,1
33062,0,0,0,9,13,1,0,1,93.0,0
33120,0,0,0,9,13,1,0,6,95.0,0
33163,0,1,0,9,13,1,0,1,132.0,0
33191,0,0,0,9,13,1,0,1,98.0,0
33216,0,0,0,9,14,1,0,1,17.0,0
33242,0,0,0,9,14,1,0,1,10.0,1
33356,1,0,0,9,14,0,0,1,14.0,1
33359,1,0,0,9,14,1,0,2,17.0,0
33377,1,0,0,9,14,1,0,1,93.0,0
33693,1,0,0,9,16,0,0,1,17.0,1
33717,1,0,1,9,16,0,0,5,54.0,1
33744,1,0,0,9,16,0,0,6,17.0,1
33745,1,0,0,9,16,0,0,2,54.0,1
33750,1,0,0,9,16,0,0,6,17.0,1
33795,1,0,0,9,17,0,0,1,98.0,1
33809,0,0,0,10,17,0,0,1,40.0,1
33900,1,0,0,9,18,1,0,1,106.0,1
33902,0,0,0,9,18,1,0,1,17.0,0
33916,0,0,0,9,18,0,0,1,34.0,1
33927,0,0,0,9,18,0,0,3,43.0,0
33940,1,0,0,9,18,0,0,3,17.0,1
34025,1,0,0,9,19,1,0,1,17.0,0
34033,1,0,0,9,19,0,0,5,131.0,1
34062,1,0,0,9,19,1,0,2,17.0,1
34074,0,0,0,9,19,1,0,1,17.0,0
34142,0,0,0,9,20,0,0,1,17.0,0
34162,0,0,0,9,20,1,0,1,40.0,0
34200,0,0,0,9,20,1,0,1,17.0,0
34230,0,0,0,9,20,1,0,6,17.0,0
34233,1,0,0,9,20,0,0,5,131.0,0
34241,0,0,0,9,20,1,0,1,163.0,0
34271,0,0,0,9,20,1,0,6,116.0,0
34274,1,0,0,9,20,1,0,1,17.0,0
34288,1,0,0,9,21,1,0,1,181.0,0
34292,1,0,0,9,21,1,0,6,40.0,1
34307,0,0,0,9,21,1,0,2,50.0,0
34318,1,0,0,9,21,1,0,1,22.0,0
34344,1,0,0,9,21,1,0,5,40.0,1
34347,1,0,0,9,21,1,0,1,3.0,0
34404,0,0,0,9,21,1,0,1,3.0,0
34408,0,0,0,9,21,1,0,1,93.0,1
34412,1,0,0,9,21,0,0,2,40.0,1
34417,1,0,0,9,21,1,0,1,93.0,0
34421,1,0,0,9,21,1,0,1,93.0,0
34422,0,0,0,9,21,1,0,1,93.0,0
34439,0,0,0,9,22,1,0,1,176.0,1
34454,0,0,0,9,22,1,0,3,17.0,1
34474,0,0,0,9,22,0,0,3,14.0,0
34476,0,0,0,9,22,0,0,3,14.0,1
34612,1,0,0,9,23,0,0,2,131.0,1
34668,0,1,0,9,23,1,0,3,17.0,1
34675,1,0,0,9,23,1,0,2,17.0,1
34717,0,0,0,9,24,0,0,2,40.0,0
34726,1,0,0,9,24,0,0,1,17.0,1
34743,1,0,0,9,24,0,0,3,17.0,1
34780,0,0,0,10,24,0,0,2,74.0,0
34827,0,0,0,9,25,0,0,2,17.0,1
34899,1,0,0,9,25,1,0,1,2.0,0
34907,0,0,0,9,25,0,0,1,40.0,1
34931,1,0,0,9,26,0,0,1,17.0,1
34992,0,0,0,9,26,0,0,2,14.0,0
35001,0,0,0,9,26,1,0,2,34.0,1
35018,1,0,0,9,26,1,0,1,46.0,0
35037,1,0,0,9,27,1,0,1,93.0,0
35203,0,0,0,9,27,1,0,1,17.0,0
35215,0,0,0,9,27,1,0,6,149.0,0
35245,0,0,0,9,27,1,0,1,95.0,0
35299,1,0,0,9,27,1,0,1,60.0,0
35344,0,0,0,9,28,1,0,6,116.0,0
35377,1,0,0,9,28,1,0,1,17.0,0
35414,1,0,0,10,28,1,0,1,17.0,0
35430,1,0,0,10,28,0,0,1,40.0,0
35434,1,0,0,9,28,1,0,1,17.0,1
35450,0,0,0,9,28,1,0,1,30.0,1
35452,1,0,0,10,28,1,0,1,14.0,0
35459,0,0,0,9,28,1,0,1,17.0,1
35463,1,0,0,9,28,0,0,6,17.0,1
35477,0,0,0,9,29,1,0,1,93.0,0
35506,0,0,0,9,29,1,0,3,17.0,0
35627,0,0,0,9,30,0,0,1,26.0,0
35763,1,0,0,10,30,0,0,1,17.0,0
35775,1,0,0,10,30,0,0,1,137.0,1
35805,0,0,0,10,30,0,0,1,17.0,0
35811,0,0,0,10,30,0,0,2,9.0,0
35819,1,0,0,10,30,0,0,1,17.0,1
35828,0,0,0,10,30,0,0,1,17.0,0
35876,0,0,0,10,1,0,0,6,14.0,0
35905,1,0,0,10,1,0,0,2,14.0,1
35933,0,0,0,10,1,0,0,3,17.0,1
35937,1,0,0,10,1,0,0,1,17.0,0
36023,0,0,0,10,2,1,0,6,16.0,0
36036,0,0,0,10,2,0,0,1,40.0,0
36055,0,0,0,10,2,1,0,1,14.0,0
36104,0,0,0,10,3,0,0,1,17.0,0
36145,1,0,0,10,3,0,0,1,40.0,1
36182,0,0,0,11,3,1,0,4,17.0,1
36189,1,0,0,10,3,0,0,5,15.0,0
36223,1,0,0,10,3,1,0,2,17.0,1
36227,0,0,0,10,3,0,0,1,16.0,0
36231,0,0,0,10,3,1,0,6,54.0,0
36274,0,0,0,10,4,1,0,1,29.0,0
36293,1,0,1,10,4,1,0,2,17.0,2
36330,1,0,0,10,4,1,0,6,14.0,0
36372,1,0,0,10,4,1,0,2,17.0,1
36413,0,0,0,10,5,1,0,2,17.0,1
36428,1,0,0,10,5,1,0,1,132.0,0
36429,0,0,0,10,5,1,0,1,17.0,1
36432,1,0,0,10,5,1,0,1,93.0,1
36433,0,0,0,10,5,1,0,1,17.0,1
36444,0,0,0,10,5,1,0,3,17.0,0
36447,0,0,0,10,5,1,0,3,54.0,0
36453,0,0,0,10,5,0,0,1,40.0,0
36456,1,0,0,10,5,1,0,1,14.0,1
36465,1,0,0,10,5,1,0,1,3.0,0
36467,1,0,0,10,5,1,0,1,153.0,0
36472,0,0,0,10,5,0,0,1,43.0,0
36476,0,0,0,10,5,1,0,1,93.0,0
36482,0,0,0,10,5,0,0,1,98.0,0
36496,0,0,0,10,5,1,0,1,17.0,0
36497,0,0,0,10,5,1,0,1,17.0,0
36503,0,0,0,10,5,0,0,4,70.0,0
36504,0,0,0,10,5,1,0,5,17.0,1
36511,1,0,0,10,5,1,0,1,2.0,0
36587,1,0,0,10,6,0,0,2,40.0,1
36604,1,0,0,10,6,1,0,3,40.0,0
36619,1,0,0,10,6,1,0,4,17.0,1
36693,1,0,0,10,7,1,0,2,105.0,0
36697,1,0,0,10,7,0,0,6,182.0,1
36712,0,0,0,10,7,1,0,1,40.0,0
36718,0,0,0,10,7,1,0,1,40.0,0
36729,1,0,0,10,7,0,0,1,177.0,0
36732,0,0,0,10,7,0,0,6,74.0,0
36747,0,0,0,10,7,0,0,1,17.0,0
36753,1,0,0,10,7,0,0,6,22.0,1
36757,0,0,0,10,7,0,0,1,40.0,0
36771,0,0,0,10,7,0,0,1,14.0,0
36776,0,0,0,10,7,0,0,1,17.0,0
36863,1,0,0,10,8,0,0,1,34.0,1
36867,0,0,0,10,8,0,0,1,14.0,0
36910,0,0,0,10,8,1,0,1,14.0,0
36979,0,0,0,10,9,1,0,1,17.0,0
36982,1,0,0,10,9,1,0,1,40.0,1
36988,0,0,0,10,9,1,0,1,17.0,0
37073,1,0,0,11,9,1,0,1,116.0,0
37087,0,0,0,10,9,0,0,1,163.0,1
37109,1,0,0,10,9,0,0,1,146.0,1
37186,0,0,0,10,10,1,0,1,93.0,0
37212,1,0,0,10,10,0,0,1,17.0,0
37224,0,0,0,10,10,0,0,1,2.0,0
37226,1,0,0,10,10,0,0,2,40.0,0
37234,0,0,0,10,10,0,0,2,40.0,0
37238,0,0,0,10,10,1,0,2,14.0,0
37241,0,0,0,10,10,0,0,2,17.0,0
37252,1,0,0,10,10,1,0,1,93.0,0
37256,1,0,0,10,10,1,0,1,17.0,0
37279,1,0,0,10,10,1,0,1,110.0,0
37316,0,0,0,10,11,0,0,2,16.0,0
37327,1,0,0,10,11,1,0,1,117.0,0
37335,0,0,0,10,11,1,0,1,93.0,1
37341,1,0,0,10,11,1,0,1,17.0,0
37345,1,0,0,10,11,1,0,1,151.0,0
37349,0,0,0,10,11,0,0,3,183.0,0
37355,1,0,0,10,11,1,0,1,17.0,0
37360,1,0,0,10,11,0,0,3,17.0,1
37363,1,0,0,10,11,0,0,6,17.0,1
37365,1,0,0,10,11,1,0,1,17.0,1
37371,1,0,0,10,11,0,0,1,116.0,1
37381,0,0,0,10,11,0,0,5,74.0,0
37384,1,0,0,10,11,1,0,3,21.0,0
37401,0,0,0,10,11,1,0,1,17.0,1
37424,1,0,0,10,11,1,0,6,96.0,0
37426,1,0,0,10,11,1,0,1,40.0,0
37427,0,1,0,10,11,1,0,4,13.0,0
37439,0,0,0,10,11,0,0,1,40.0,0
37441,0,0,0,10,11,1,0,1,14.0,0
37456,1,0,0,10,11,1,0,6,30.0,0
37460,1,0,0,10,11,1,0,6,30.0,0
37468,1,0,0,10,11,0,0,3,37.0,0
37469,0,0,0,10,11,1,0,2,21.0,0
37487,1,0,1,10,12,1,0,1,14.0,1
37500,0,0,0,10,12,1,0,2,17.0,0
37514,1,0,0,10,12,0,0,1,17.0,1
37523,1,0,0,10,12,1,0,6,158.0,0
37546,1,0,0,10,12,1,0,4,14.0,1
37552,0,1,0,10,12,1,0,1,93.0,0
37553,0,1,0,10,12,1,0,1,93.0,0
37573,0,0,0,10,12,0,0,1,26.0,0
37583,1,0,0,10,12,1,0,1,17.0,1
37585,1,0,0,10,12,1,0,1,17.0,1
37604,0,0,1,10,12,1,0,1,17.0,1
37610,1,0,0,10,12,1,0,5,40.0,1
37613,1,0,0,10,12,1,0,1,17.0,0
37614,0,0,0,10,12,1,0,1,40.0,0
37617,1,0,0,10,12,1,0,1,2.0,0
37626,1,0,0,10,12,1,0,1,101.0,0
37627,1,0,0,10,12,1,0,6,17.0,1
37629,1,0,0,10,12,1,0,1,132.0,0
37630,1,0,0,10,12,1,0,1,14.0,1
37635,1,0,1,10,12,1,0,1,17.0,1
37646,1,0,1,10,12,1,0,1,17.0,1
37648,1,0,1,10,13,1,0,1,98.0,1
37662,1,0,1,10,13,1,0,2,17.0,1
37712,0,0,0,11,13,1,0,4,15.0,1
37723,0,0,0,10,13,0,0,1,17.0,1
37725,1,0,0,10,13,1,0,4,17.0,1
37744,1,0,0,10,13,0,0,1,26.0,0
37764,0,0,0,10,13,0,0,1,132.0,0
37766,1,0,1,10,13,0,0,1,14.0,2
37776,1,0,0,10,13,0,0,1,17.0,1
37778,1,0,1,10,13,0,0,2,17.0,1
37787,1,0,1,10,13,0,0,1,93.0,1
37788,1,0,1,10,13,0,0,1,17.0,1
37794,1,0,1,10,13,0,0,1,17.0,1
37840,1,0,0,10,14,0,0,1,132.0,0
37852,1,0,0,10,14,0,0,1,40.0,0
37854,1,0,0,10,14,0,0,1,40.0,0
37870,1,0,0,10,14,0,0,1,17.0,1
37873,1,0,0,10,14,0,0,2,17.0,1
37883,0,0,0,10,14,0,0,1,17.0,0
37908,1,0,0,10,14,0,0,3,17.0,1
37928,1,0,0,10,14,0,0,2,40.0,1
37979,0,0,0,10,15,0,0,1,137.0,0
37980,1,0,0,10,15,0,0,2,116.0,0
37988,0,0,0,10,15,0,0,1,11.0,0
38008,0,0,0,10,15,0,0,1,14.0,1
38010,1,0,0,10,15,0,0,2,14.0,1
38015,1,0,0,10,15,0,0,4,17.0,1
38017,1,0,0,10,15,0,0,6,17.0,1
38026,0,0,0,10,15,0,0,1,17.0,0
38032,0,0,0,10,15,0,0,1,110.0,1
38044,0,0,0,10,15,0,0,1,1.0,0
38059,0,0,0,11,16,1,0,2,36.0,1
38077,0,0,0,10,16,0,0,1,46.0,0
38099,1,0,0,10,16,1,0,6,62.0,1
38119,0,0,0,10,16,1,0,1,27.0,0
38141,1,0,0,10,16,0,0,1,131.0,1
38199,0,0,0,10,17,0,0,1,17.0,0
38230,0,0,0,11,17,1,0,1,17.0,0
38246,0,0,0,10,17,0,0,6,40.0,0
38270,0,0,0,10,17,1,0,6,40.0,1
38276,1,0,0,10,17,0,0,1,176.0,0
38283,0,0,0,10,17,0,0,5,8.0,1
38288,1,0,0,10,17,0,0,1,17.0,0
38296,1,0,0,10,17,0,0,5,131.0,0
38338,1,0,0,11,18,0,0,2,14.0,1
38369,1,0,0,10,18,0,0,6,17.0,1
38412,0,0,0,10,18,1,0,6,49.0,0
38431,1,0,0,10,18,1,0,1,17.0,1
38478,0,0,0,10,19,1,0,2,43.0,0
38516,1,0,0,10,19,1,0,5,146.0,0
38543,0,0,0,10,19,1,0,1,137.0,1
38546,0,0,0,10,19,0,0,1,17.0,0
38671,1,0,0,10,20,1,0,3,26.0,0
38675,1,0,0,10,20,1,0,4,26.0,0
38818,1,0,1,10,21,0,0,1,176.0,2
38984,0,0,0,10,22,0,0,1,17.0,1
39006,0,0,0,10,22,0,0,2,17.0,0
39009,0,0,0,11,22,0,0,6,40.0,0
39023,1,0,0,10,22,0,0,5,17.0,1
39046,1,0,0,11,22,0,0,1,14.0,1
39048,1,0,0,10,22,1,0,1,17.0,1
39052,1,0,0,10,22,0,0,3,40.0,1
39073,1,0,0,10,23,0,0,1,137.0,1
39097,1,0,0,10,23,1,0,1,116.0,0
39099,1,0,0,11,23,1,0,1,40.0,1
39121,1,0,0,10,23,0,0,1,100.0,1
39135,0,0,0,10,23,0,0,1,40.0,1
39139,1,0,0,10,23,0,0,1,177.0,0
39157,1,0,0,11,23,0,0,6,17.0,1
39170,0,0,0,10,23,0,0,5,111.0,1
39183,1,0,0,10,23,0,0,1,14.0,1
39193,1,0,0,10,23,1,0,1,132.0,1
39197,0,0,0,10,23,0,0,1,40.0,0
39205,1,0,0,10,24,0,0,2,14.0,0
39267,1,0,0,10,24,0,0,3,17.0,1
39273,0,0,0,10,24,0,0,2,26.0,1
39282,0,0,0,10,24,0,0,5,54.0,0
39296,0,0,0,10,24,0,0,1,34.0,1
39309,1,0,0,10,24,1,0,6,116.0,0
39353,1,0,0,10,25,0,0,2,40.0,1
39354,1,0,0,10,25,1,0,1,17.0,1
39389,1,0,0,10,25,0,0,3,54.0,1
39418,1,0,0,10,25,1,0,1,93.0,0
39437,0,0,0,10,25,0,0,5,13.0,0
39445,0,0,0,10,25,0,0,5,13.0,0
39488,1,0,0,10,25,1,0,4,17.0,1
39542,0,0,0,10,26,0,0,4,131.0,1
39554,0,0,0,10,26,1,0,3,17.0,1
39556,1,0,0,10,26,1,0,4,17.0,0
39568,0,0,0,10,26,1,0,1,17.0,1
39587,0,0,0,10,26,0,0,1,40.0,0
39621,0,0,0,11,26,0,0,2,40.0,0
39705,1,0,0,10,27,0,0,1,29.0,0
39724,0,0,0,10,27,0,0,1,17.0,0
39745,1,0,0,11,27,0,0,1,15.0,1
39836,0,0,0,10,28,0,0,4,2.0,0
39838,0,0,0,11,28,0,0,1,14.0,0
39848,1,0,0,11,28,0,0,1,40.0,0
39966,0,0,0,10,29,0,0,4,30.0,0
39977,0,0,0,11,29,1,0,3,22.0,1
39999,1,0,0,11,29,0,0,6,17.0,1
40190,1,0,0,10,30,0,0,1,40.0,1
40248,0,0,0,10,30,0,0,1,43.0,0
40538,1,0,0,11,31,0,0,1,137.0,0
40623,1,0,0,11,31,0,0,1,2.0,0
40630,0,0,0,11,31,0,0,2,17.0,1
40668,0,0,0,11,31,0,0,5,40.0,1
40697,0,0,0,11,31,0,0,1,169.0,0
40700,0,0,0,11,31,1,0,1,17.0,0
40724,0,1,0,10,31,0,0,5,35.0,0
40750,1,0,0,11,31,0,0,2,40.0,0
40766,1,0,1,11,31,0,0,1,14.0,1
40806,0,0,0,11,1,0,0,2,17.0,0
40820,1,0,0,11,1,1,0,1,93.0,1
40826,1,0,0,11,1,1,0,1,17.0,1
40829,0,0,0,11,1,1,0,6,40.0,1
40855,0,0,0,11,1,1,0,1,17.0,0
40861,0,0,0,11,1,1,0,5,16.0,1
40862,0,0,0,11,1,1,0,1,161.0,0
40871,0,1,0,11,1,1,0,1,101.0,0
40877,1,0,0,11,1,1,0,1,14.0,1
40879,1,0,0,11,1,1,0,1,17.0,1
40891,0,0,0,11,1,1,0,1,40.0,1
40892,0,0,0,11,1,1,0,1,132.0,1
40927,0,1,0,11,2,1,0,1,101.0,0
40942,0,0,0,11,2,1,0,2,2.0,1
40957,1,0,1,11,2,1,0,1,116.0,1
40958,0,0,0,11,2,1,0,1,17.0,0
40984,0,0,0,11,3,0,0,3,33.0,0
40997,0,0,0,11,3,0,0,1,106.0,0
41015,0,0,0,11,3,0,0,1,17.0,0
41018,0,0,0,11,3,0,0,2,98.0,1
41039,0,0,0,11,3,0,0,6,74.0,0
41100,0,0,0,11,4,0,0,1,17.0,0
41120,0,0,0,11,4,1,0,1,40.0,0
41136,0,0,0,11,4,0,0,1,40.0,1
41241,1,0,0,1,5,0,0,1,116.0,1
41254,0,0,0,11,5,0,0,1,26.0,0
41273,0,0,0,11,5,0,0,1,14.0,0
41285,0,1,0,11,5,0,0,6,104.0,0
41304,1,0,0,11,6,0,0,1,131.0,0
41305,0,0,0,11,6,0,0,1,131.0,0
41311,0,0,0,11,6,0,0,2,53.0,0
41319,0,0,0,11,6,0,0,6,146.0,1
41383,0,0,0,11,6,0,0,1,17.0,0
41445,1,0,0,11,7,0,0,2,137.0,1
41455,0,0,0,11,7,1,0,1,17.0,0
41456,0,0,0,11,7,0,0,2,17.0,1
41464,0,0,0,11,7,0,0,1,17.0,0
41474,0,0,0,11,7,0,0,5,40.0,0
41499,0,0,0,11,7,1,0,6,146.0,1
41546,1,0,0,11,8,1,0,1,17.0,0
41574,1,0,0,11,8,1,0,6,4.0,1
41581,0,0,0,11,8,0,0,2,17.0,0
41600,1,0,0,12,8,0,0,2,40.0,1
41606,1,0,0,11,8,0,0,2,14.0,1
41619,0,0,0,11,8,1,0,1,40.0,0
41621,0,0,0,11,8,1,0,1,17.0,0
41660,0,0,0,11,9,1,0,1,17.0,0
41692,0,0,0,11,9,0,0,1,47.0,0
41701,1,0,0,11,9,1,0,1,17.0,1
41706,0,0,0,11,9,1,0,1,163.0,0
41719,0,0,0,11,9,1,0,1,17.0,0
41720,1,0,0,11,9,0,0,1,101.0,0
41729,1,0,0,11,9,1,0,2,30.0,0
41762,0,0,0,11,10,1,0,2,132.0,0
41839,1,0,0,11,10,0,0,1,17.0,0
41945,1,0,0,11,11,0,0,1,176.0,0
41962,1,0,0,11,11,1,0,1,17.0,0
42043,0,0,0,11,12,0,0,1,17.0,0
42049,1,0,0,11,12,0,0,1,101.0,0
42054,0,0,0,11,12,0,0,3,40.0,0
42090,1,0,0,11,12,0,0,1,16.0,0
42107,1,0,0,11,12,0,0,2,17.0,0
42117,1,0,0,11,13,0,0,2,17.0,1
42185,0,0,0,11,13,0,0,1,101.0,1
42192,0,0,0,11,13,0,0,1,17.0,0
42193,0,0,0,11,13,1,0,2,11.0,1
42199,0,0,0,11,13,0,0,1,17.0,0
42212,1,0,0,11,13,0,0,1,29.0,1
42222,0,0,0,11,13,0,0,1,29.0,1
42230,1,0,0,11,13,1,0,1,29.0,0
42269,1,0,0,11,14,0,0,4,111.0,1
42356,1,0,0,11,15,0,0,1,54.0,1
42414,1,0,0,11,15,1,0,1,131.0,0
42476,0,0,0,11,15,1,0,1,95.0,0
42513,0,1,0,11,16,1,0,1,40.0,1
42539,1,0,0,11,16,1,0,1,17.0,0
42550,1,0,0,11,16,1,0,1,51.0,0
42557,1,0,0,11,16,1,0,2,131.0,0
42584,1,0,0,11,16,1,0,1,93.0,1
42594,0,0,0,11,16,1,0,1,40.0,1
42618,0,0,0,11,17,1,0,1,17.0,0
42648,0,0,0,11,17,0,0,1,1.0,0
42721,1,0,0,11,18,0,0,1,43.0,0
42774,0,0,0,11,18,0,0,3,131.0,0
42794,1,0,0,12,18,0,0,1,40.0,1
42836,0,0,0,11,19,1,0,1,129.0,0
42839,0,0,0,11,19,0,0,3,26.0,0
42845,0,0,0,11,19,0,0,1,17.0,0
42846,1,0,0,11,19,0,0,4,14.0,1
42890,1,0,0,11,19,0,0,1,17.0,1
42937,1,0,0,11,20,0,0,1,17.0,0
42948,1,0,0,11,20,1,0,1,17.0,1
42949,0,0,0,11,20,0,0,1,40.0,0
43046,0,0,0,11,21,0,0,1,131.0,0
43094,0,0,0,11,21,0,0,1,17.0,0
43118,1,0,0,11,22,0,0,6,16.0,1
43150,0,0,0,11,22,1,0,1,169.0,1
43165,1,0,0,11,22,1,0,1,43.0,1
43194,1,0,0,11,22,0,0,5,17.0,1
43211,0,0,0,11,22,1,0,1,50.0,0
43222,0,0,0,11,22,1,0,2,9.0,1
43250,0,0,0,11,22,0,0,2,49.0,1
43255,0,0,0,11,22,1,0,6,17.0,1
43326,0,0,0,11,23,1,0,1,16.0,0
43342,1,0,0,11,23,1,0,5,176.0,1
43385,1,0,0,11,23,0,0,3,131.0,0
43386,1,0,0,11,23,1,0,1,17.0,0
43393,0,0,0,11,24,1,0,2,101.0,1
43407,0,0,0,12,24,0,0,3,47.0,0
